id,stored_name,tenant,ats_identifier,domain,careers_url,job_count,suggested_name
f6d3c7ec-490f-4ab4-9c56-13f5b02aa7d4,O'Reilly Auto Parts,oreillyauto,oreillyauto:wd1:oreilly,oreillyauto.com,https://careers.oreillyauto.com,1605,Oreilly
82b7a318-b0f1-489f-8ed5-8f3db58eb937,Lowe's,lowes,lowes:wd5:LWS_External_CS,lowes.com,https://jobs.lowes.com,1364,LWS CS
b6c745a1-70cd-42e0-8bf1-e914fbef57aa,Miami University,umiami,umiami:wd1:UMCareerStaff,miami-university.lca-employer,https://miami.edu/jobs,1091,UM Taff
caa3fe34-db0e-48d5-84e4-ee13e19de47c,T-Mobile,tmobile,tmobile:wd1:External,t-mobile.com,https://tmobile.wd1.myworkdayjobs.com/External,1046,Tmobile
21d72749-57ae-4058-a1b4-f238548daa62,University of Miami,umiami,umiami:wd1:UMCareerStaff,miami.edu,https://miami.edu/jobs,1034,UM Taff
aecbd687-c8d0-41a8-ab48-08973f25a330,AT&T,att,att:wd1:ATTGeneral,att.com,https://att.wd1.myworkdayjobs.com/ATTGeneral,983,Attgeneral
b1ce39cb-6ab1-466d-aeb3-331583b871cc,Booz Allen Hamilton,bah,bah:wd1:BAH_Jobs,boozallen.com,https://careers.boozallen.com,974,BAH
c40573eb-724c-4d56-8e2c-5ec3624f8a6a,MGB,massgeneralbrigham,massgeneralbrigham:wd1:mgbexternal,massgeneralbrigham.wd1.myworkdayjobs.com,https://massgeneralbrigham.wd1.myworkdayjobs.com/en-US/mgbexternal,866,MGB
3d6a5c38-d099-4694-8328-a033e4909083,Amentum,pae,pae:wd1:amentum_careers,amentum.com,https://pae.wd1.myworkdayjobs.com/en-US/amentum_careers,863,Amentum
5a78cdba-03e5-4e61-a605-0b1f3f9aa138,M&T Bank,mtb,mtb:wd5:MTB,mtb.com,https://www3.mtb.com/careers,755,MTB
9ffcfbbe-039a-4ea8-835b-d7c2cc3892dc,Elavon Inc.,usbank,usbank:wd1:US_Bank_Careers,elavon.com,https://elavon.com/careers,716,US Bank
fc33f272-10b0-49a0-bdd3-78c845e214e7,Johnson Controls,jci,jci:wd5:JCI,johnsoncontrols.com,https://www.johnsoncontrols.com/careers,696,JCI
2505c476-46ee-4566-a948-98f3523bc375,U.S. Bank,usbank,usbank:wd1:US_Bank_Careers,usbank.com,https://usbank.wd1.myworkdayjobs.com/US_Bank_Careers,671,US Bank
dd558c3f-05d1-44f0-b443-28f9e5538482,Baystate Medical Practices Inc.,baystatehealth,baystatehealth:wd12:External_Careers,baystatemedicalpractices.com,https://baystatehealth.wd12.myworkdayjobs.com/External_Careers/External_Careers,499,Baystatehealth
ce0f6cb2-955b-4280-835b-b84e1127c21e,CyberArk,paloaltonetworks,paloaltonetworks:wd5:panwexternalcareers,cyberark.com,https://careers.cyberark.com,493,Panw
ea6f2da5-04d7-4fa7-9464-be327fb0a393,University of Mississippi Medical Center,ummc,ummc:wd5:UMCCareers,umc.edu,https://umc.edu/careers,454,UMC
64188b17-8cf7-4d0b-8b3d-055bb947558b,LOGAN UNIVERSITY INC,loganhealth,loganhealth:wd1:Logan_Careers,logan.org,https://loganhealth.wd1.myworkdayjobs.com/Logan_Careers,433,Logan
662c6d30-aafd-44ed-975c-25613e261694,Aaa Texas LLC,ace,ace:wd5:careers,aaatexas.com,https://careers.ace.aaa.com,404,ACE
5e44e63e-cc0e-46d7-ab20-c218f488b673,Samsung Electronics,sec,sec:wd3:Samsung_Careers,samsung.com,https://www.samsung.com/us/careers/,395,Samsung
216f7bff-73bb-4927-a3c2-0b74572d6e4a,State of Nebraska,son,son:wd108:NebraskaStateCareers,nebraska.gov,https://son.wd108.myworkdayjobs.com/en-US/NebraskaStateCareers,390,Nebraskastate
dba1ee30-e12a-4f17-bd60-cf4964677ee8,MILLS COLLEGE,northeastern,northeastern:wd1:careers,mills.edu,https://mills.edu,386,Northeastern
e48024cf-ff44-438c-9aa6-1d6fdc1eb5e9,Flex Ltd.,flextronics,flextronics:wd1:Careers,flex.com,https://flex.com/careers,350,Flextronics
ac1a52a9-ac38-45c8-a5b1-4caccfba18fe,FISH & WILDLIFE RESEARCH INSTITUTE,maine,maine:wd5:Executive,fishwildlife.org,https://fishwildlife.org/careers,306,Executive
8f0edfb0-734d-4f0a-93d0-37c2ee9d04ed,J.B. Hunt,jbhunt,jbhunt:wd501:Careers,jbhunt.com,https://jobs.jbhunt.com,302,Jbhunt
95634089-544b-42c0-ac14-b28a8dcad21d,Northern Trust,ntrs,ntrs:wd1:northerntrust,northerntrust.com,https://ntrs.wd1.myworkdayjobs.com/northerntrust,286,Northerntrust
aca97af8-744f-441b-a1f3-5c4a885fc4a6,Johnson & Johnson,jj,jj:wd5:JJ,jnj.com,https://jobs.jnj.com,283,JJ
f8707eea-c0cf-4307-a505-9f6f3a8209b0,The Childrens Hospital Of Philadel,chop,chop:wd108:CHOPExternalCareers,thechildrenshospitalofphiladel.com,https://www.chop.edu/careers,273,Chop
da82108e-94e6-452d-888e-be16b84006fa,AeroVironment,avav,avav:wd1:avav,avinc.com,https://www.avinc.com/careers,267,Avav
862019a7-9070-45b2-aebd-93cfbccedcbf,Baker University,stormontvail,stormontvail:wd1:SVH,bakeru.edu,https://bakeru.edu/jobs,257,SVH
16497bdf-ef72-4d2b-b8c7-c68cf93bf2c9,REHABILITATION INSTITUTE OF CHICAGO DBA SHIRLEY RYAN ABILITYLAB,sralab,sralab:wd1:SRAlabCareers,abilitylab.org,https://abilitylab.org/careers,251,Sralab
4c510616-98c2-42a0-9e7c-a3f0d85e5b67,Stanley Black & Decker,sbdinc,sbdinc:wd1:Stanley_Black_Decker_Career_Site,stanleyblackanddecker.com,https://www.stanleyblackanddecker.com/careers,245,Stanley Black Decker
62ad0137-83c4-4e1e-9383-334570b597b3,Juniper Networks,hpe,hpe:wd5:Jobsathpe,juniper.net,https://www.juniper.net/us/en/company/careers,243,Athpe
092570bc-c8b2-49dd-849f-c6235ae8d2d5,Clovis Community College,chess,chess:wd1:CHESS,clovis.edu,https://clovis.edu/jobs,241,Chess
96bc4cb8-91c9-4608-a614-c84f2da0d4a6,CARNEGIE MELLON UNIVERSITY DEPARTMENT OF ELECTRICAL AND COMPUTER ENGINEERING,cmu,cmu:wd5:CMU,carnegiemellon.org,https://carnegiemellon.org/jobs,233,CMU
253ff3a2-0b25-4fc8-955c-009622e28d1f,Bank of America,ghr,ghr:wd1:lateral-us,bankofamerica.com,https://ghr.wd1.myworkdayjobs.com/lateral-us,203,Lateral US
8207a6bf-ba95-457a-a09d-52f2ec92baf3,University of Chicago,uchicago,uchicago:wd5:External,uchicago.edu,https://uchicago.wd5.myworkdayjobs.com/External,195,Uchicago
53102587-eb6c-42f8-a677-91247d5f087b,GE HealthCare,gehc,gehc:wd5:GEHC_ExternalSite,gehealthcare.com,https://gehc.wd5.myworkdayjobs.com/GEHC_ExternalSite,190,Gehc
c0e32f54-b764-4ecb-b69e-01f624cabf71,Santa Fe Community College,chess,chess:wd1:sfcc,sfcc.edu,https://www.sfcc.edu/,190,Sfcc
41d48fd1-f0ed-4066-9ced-a89f99d123a7,Merck,msd,msd:wd5:SearchJobs,merck.com,https://msd.wd5.myworkdayjobs.com/SearchJobs,166,MSD
9f7f0d0c-ddbf-406f-aad5-c46a0359fdf5,University of Arkansas - Little Rock,uasys,uasys:wd5:UASYS,ualr.edu,https://uasys.wd5.myworkdayjobs.com/UASYS,159,Uasys
e717e432-81ba-4a10-8aca-8c02583c1ca9,"Arkansas at Pine Bluff, University of",uasys,uasys:wd5:UASYS,uapb.edu,https://www.uapb.edu/,157,Uasys
dee93513-a47e-4d35-9ba9-af39b435def7,University of Arkansas Community College-Batesville,uasys,uasys:wd5:UASYS,uaccb.edu,https://uaccb.edu/jobs,157,Uasys
70cf6089-ba0a-461e-be6f-75be43c113d8,Phillips Community College of the University of Arkansas,uasys,uasys:wd5:UASYS,pccua.edu,https://pccua.edu/jobs,156,Uasys
8879ff8c-8ce9-479d-b64d-4a3009be62aa,University of Arkansas - Monticello,uasys,uasys:wd5:UASYS,uamont.edu,https://uamont.edu/jobs,156,Uasys
c1e034f3-f310-473f-ab87-e41498e4307c,University of Arkansas - Fort Smith,uasys,uasys:wd5:UASYS,uafs.edu,https://www.uafs.edu/,155,Uasys
6fa63051-4fc0-4270-a8b3-a8ddafc16e4b,Airbus,ag,ag:wd3:Airbus,ag.wd3.myworkdayjobs.com,https://ag.wd3.myworkdayjobs.com/en-US/Airbus,147,Airbus
4b7bc904-c788-4263-921e-e3a80d1c0121,American Electric Power,aep,aep:wd1:AEPCareerSite,aep.com,https://careers.aep.com,143,AEP ITE
8687b5b2-5c48-4e25-9830-bc9ccacc5078,Upmc Presbyterian Shadyside,gohealthuc,gohealthuc:wd12:External,upmcpresbyterianshadyside.com,https://careers.upmc.com,139,Gohealthuc
c7e1b5e5-f67d-4af6-809c-ccde5f0d67c0,Biogen,biibhr,biibhr:wd3:external,biogen.com,https://biibhr.wd3.myworkdayjobs.com/external,138,Biibhr
4f60157c-3e40-4cbe-95a1-5191c7cef608,Kion SCS,kiongroup,kiongroup:wd3:KION_SCS,kiongroup.wd3.myworkdayjobs.com,https://kiongroup.wd3.myworkdayjobs.com/en-US/KION_SCS,138,Kion SCS
d47001b8-577b-4e99-9040-c285b501b97d,University of Kansas School of Medicine,kumc,kumc:wd5:kumc-jobs,kumc.edu,https://kumc.wd5.myworkdayjobs.com/kumc-jobs,133,Kumc
7c6e8e35-615b-44b3-ada2-4b99b37dba12,Genentech,roche,roche:wd3:ROG-A2O-GENE,gene.com,https://roche.wd3.myworkdayjobs.com/ROG-A2O-GENE,132,ROG A2O Gene
caa69743-4ae3-4579-b4f7-f2d21ebdb11d,Csc Holdings LLC,dxctechnology,dxctechnology:wd1:DXCJobs,csc.com,https://dxctechnology.wd1.myworkdayjobs.com/DXCJobs/login,130,DXC
7e804c8a-99de-48ed-b167-48f2a88bbee6,University Of Nevada Reno,nshe,nshe:wd1:UNR-external,universityofnevadareno.com,https://www.unr.edu/jobs,130,UNR
b3c75002-21db-4963-9930-0924e1b58c7b,Marsh McLennan,mmc,mmc:wd1:mmc,mmc.com,https://careers.mmc.com,128,MMC
b0bc8bf7-2282-4c9b-b007-77f43e816a20,Anthem,elevancehealth,elevancehealth:wd1:ANT,anthem.com,https://elevancehealth.wd1.myworkdayjobs.com/ANT,126,ANT
27f20fb5-c7eb-4903-afab-b39d4e06e9ce,Medical College Of Wisconsin Inc.,mcw,mcw:wd503:ExternalCareers,medicalllegeofwisconsin.com,https://www.mcw.edu/departments/human-resources,126,MCW
87bbf6e4-ff7f-4c15-9993-6817dc7380f5,University of New Orleans,ulsuno,ulsuno:wd1:UniversityOfNewOrleans,uno.edu,https://uno.edu/careers,124,Universityofneworleans
74e90b24-b6e7-43b6-99b0-0e02cb9f8579,Anoka-Ramsey Community College,minnstate,minnstate:wd115:Minnesota_State_Careers,anokaramsey.edu,https://anokaramsey.edu/jobs,123,Minnesota State
1c8ae26b-e0d0-4556-bbd9-2782acf62928,University of North Florida,unf,unf:wd5:unfjobs,unf.edu,https://www.unf.edu/,122,UNF
f822286f-ea11-4706-8c1e-55804a58d9f3,Indian River State College,irsc,irsc:wd5:External,irsc.edu,https://irsc.wd5.myworkdayjobs.com/External,117,Irsc
f0dfe808-6392-4871-9c1d-a7104414cadb,Memorial Sloan Kettering,msk,msk:wd1:MSKCC_Careers_Primary,mskcc.org,https://msk.wd1.myworkdayjobs.com/MSKCC_Careers_Primary,117,Mskcc Primary
9f920898-cfed-4be7-940d-759d08fbb187,Metropolitan State College of Denver,msudenver,msudenver:wd1:msudenver,msudenver.edu,https://msudenver.wd1.myworkdayjobs.com/msudenver,117,Msudenver
c6af1a42-962f-498c-be8a-e8fa374c8d30,S P Global Market Intelligence Inc.,spgi,spgi:wd5:SPGI_Careers,spglobalmarketintelligence.com,https://careers.spglobal.com,117,Spgi
2b28fbbe-224c-42bb-a18c-9e321c8da905,GE Appliances,haier,haier:wd3:GE_Appliances,geappliances.com,https://careers.geappliances.com,114,GE Appliances
874984e4-bd07-4acc-9dbd-9971360a77f9,Hennepin Technical College,minnstate,minnstate:wd115:Minnesota_State_Careers,hennepintech.edu,https://www.hennepintech.edu/,114,Minnesota State
bd926691-c140-48f6-a597-7a51f9165936,Northland Community and Technical College,minnstate,minnstate:wd115:Minnesota_State_Careers,northlandcollege.edu,https://northlandcollege.edu/jobs,114,Minnesota State
7f114f87-3677-4be7-b84d-7a01ce4c7c4a,Saint Paul College,minnstate,minnstate:wd115:Minnesota_State_Careers,saintpaul.edu,https://saintpaul.edu/jobs,114,Minnesota State
49ab8510-cfe5-472c-859d-ab76836b811c,National University,nus,nus:wd1:Careers,nu.edu,https://nu.edu/careers,107,NUS
49045040-07ed-4d76-b98c-a89dc96a2ea1,Hillsborough Community College,hcfl,hcfl:wd1:hcjobs,hccfl.edu,https://hccfl.edu/careers,101,HC
d2220d4c-29dd-4b2d-825e-6abf5447cefc,LU Board Staff,liberty,liberty:wd5:lu_job_board_staff,liberty.wd5.myworkdayjobs.com,https://liberty.wd5.myworkdayjobs.com/en-US/lu_job_board_staff,101,LU Board Staff
bd9f9461-f5d3-402a-a664-1b1e6a7d9fd6,College of Southern Nevada,nshe,nshe:wd1:CSN-External,csn.edu,https://csn.edu/careers,100,CSN
3467baa5-7a0f-4bf6-a777-32a0342a5d25,Dick's Sporting Goods,dickssportinggoods,dickssportinggoods:wd1:DSG,dicks.com,https://www.dickssportinggoods.jobs,100,DSG
7f731980-9270-425f-9180-6255e4fbd40a,First Interstate,fib,fib:wd1:FIBCareers,firstinterstatebank.com,https://firstinterstatebank.com/careers,100,FIB
8eb4ee60-662f-427e-be08-f892fe13ea82,GoHealth Urgent Care,gohealthuc,gohealthuc:wd12:External,gohealthuc.com,https://gohealthuc.com/careers,100,Gohealthuc
27f6f44c-40da-43a2-9185-e54a623c761d,Great American Insurance Group,gaig,gaig:wd1:GAIG_External,greatamericaninsurancegroup.com,https://greatamericaninsurancegroup.com/careers,100,Gaig
44c40043-74ae-4cd0-a3f5-a84070088771,"Heart of Los Angeles Youth, Inc.",iheartmedia,iheartmedia:wd5:External_iHM,iheart.com,https://iheart.com/careers,100,IHM
67341a13-ce47-4032-8c2f-78a4b556dd27,"University of Louisville Physicians, Inc.",uofl,uofl:wd1:UofLCareerSite,university-of-louisville-physicians-inc.lca-employer,https://louisville.edu/careers,97,Uofl ITE
45bd0ec7-a6f3-4aa6-a78c-471bba9b38ee,Brown & Brown,bbinsurance,bbinsurance:wd1:Careers,bbinsurance.com,https://www.bbrown.com/careers,95,Bbinsurance
6db0cf2b-e71c-4e64-a4d5-9dde7a979ce2,Coca-Cola Company,coke,coke:wd1:coca-cola-careers,coca-colacompany.com,https://www.coca-colacompany.com/careers,91,Coca Cola
870d353c-d9de-43f9-93ea-31340aa1a179,Fidelity Investments,fmr,fmr:wd1:targeted,fidelity.com,https://fmr.wd1.myworkdayjobs.com/en-US/targeted,91,Targeted
5a912c01-1c17-4886-a597-f7bd758216ba,University of Louisville,uofl,uofl:wd1:UofLCareerSite,louisville.edu,https://louisville.edu/careers,91,Uofl ITE
98ff7c93-6541-453e-b5a0-a795c2ebac3c,"University of Louisville Athletic Association, Inc.",uofl,uofl:wd1:UofLCareerSite,university-of-louisville-athletic-association-inc.lca-employer,https://louisville.edu/careers,91,Uofl ITE
e2979000-4bf5-47c3-bf6f-0abe829452cc,Vantor,maxar,maxar:wd1:Vantor,vantor.com,https://vantor.com/careers,91,Vantor
851292de-a0a3-400a-b25a-dd0b33c3ee66,Western Nevada College,nshe,nshe:wd1:WNC-External,wnc.edu,https://wnc.edu/jobs,88,WNC
2188c8c4-074a-4c1b-b101-55f73b482c61,Tarleton State University,tamus,tamus:wd1:TARLETON_External,tarleton.edu,https://tarleton.edu/jobs,87,Tarleton
512d63a1-5523-4ef8-8526-5ac90395c9b9,Fox Valley Technical College,fvtc,fvtc:wd1:fvtc,fvtc.edu,https://fvtc.wd1.myworkdayjobs.com/fvtc,85,Fvtc
a5304107-e502-4d34-9694-c087dce78acf,BeOne Medicines,beigene,beigene:wd5:BeiGene,beonemedicines.com,https://www.beonemedicines.com/careers,84,Beigene
212fbba4-927c-43f1-a542-c44c15009f7b,"LexisNexis Risk Solutions FL, Inc.",relx,relx:wd3:LexisNexisLegal,lexisnexis.com,https://relx.wd3.myworkdayjobs.com/LexisNexisLegal,83,Lexisnexislegal
7ec51487-24aa-495d-977b-9b5ecc9c0bb3,T. Rowe Price,troweprice,troweprice:wd5:TRowePrice,troweprice.com,https://careers.troweprice.com,83,Troweprice
8968c147-8788-41e7-b39a-9e2fd595367e,Church & Dwight,churchdwight,churchdwight:wd1:chdcareers,churchdwight.com,https://careers.churchdwight.com,80,CHD
ff3099a2-80cb-4922-961d-ed9770ee7e10,HomeStreet Bank,mechanicsbank,mechanicsbank:wd5:mechanicsbank,mechanicsbank.com,https://mechanicsbank.com/careers,77,Mechanicsbank
1606a67f-7ea3-461e-9c60-65a0d88a403c,Pvamu,tamus,tamus:wd1:pvamu_external,tamus.wd1.myworkdayjobs.com,https://tamus.wd1.myworkdayjobs.com/en-US/pvamu_external,77,Pvamu
6eecab7f-724c-4c38-9528-4116303e8cc4,Cleveland Clinic,ccf,ccf:wd1:ClevelandClinicCareers,my.clevelandclinic.org,https://my.clevelandclinic.org/careers,76,Clevelandclinic
f1ba9b04-b706-474a-9302-3b662f3d6405,Harris healthcare,harriscomputer,harriscomputer:wd3:1,harriscomputer.com,https://harriscomputer.com/careers,75,Harriscomputer
df9d2e5e-5e1a-4d6c-a57a-f021af23e1fb,Concentrix,cnx,cnx:wd1:external_global,concentrix.com,https://jobs.concentrix.com,74,CNX
d34b14b2-ec53-44ec-a29e-b18b670dd544,Carpenter Technology,cartech,cartech:wd5:CTCExternal,carpentertechnology.com,https://www.carpentertechnology.com/careers,72,CTC
8db3564d-f6bf-486d-b532-f1f379335ca2,University of Tampa,utampa,utampa:wd1:Faculty,ut.edu,https://utampa.wd1.myworkdayjobs.com/Faculty,72,Faculty
5aa5c17f-8652-4daf-83a3-22a65424434b,Cleveland Clinic,ccf,ccf:wd1:ClevelandClinicCareers,clevelandclinic.org,https://ccf.wd1.myworkdayjobs.com/ClevelandClinicCareers,66,Clevelandclinic
bccab475-03c9-43d8-9b63-88b91213cb8e,Fairfield Residential,ffres,ffres:wd1:fairfieldcareers,fairfieldresidential.com,https://fairfieldresidential.com/careers,62,Fairfield
6ab83ced-9086-418f-93a5-5d607b162204,Fortna,mhs,mhs:wd1:Careers,fortna.com,https://fortna.com/careers,62,MHS
eedcf8a6-0a08-4cac-8556-101986869007,"Ansible Government Solutions, LLC",redhat,redhat:wd5:jobs,redhat.com,https://redhat.com/careers,61,Redhat
32f354d6-9bb9-4b76-9874-135f3cdb4714,Embry-Riddle Aeronautical University,embryriddle,embryriddle:wd1:AdjunctFacultyOpportunities,erau.edu,https://embryriddle.wd1.myworkdayjobs.com/AdjunctFacultyOpportunities,58,Adjunctfacultyopportunities
314990e7-46ba-45c6-ae12-24f0eda646d7,United Services Automobile Associa,usaa,usaa:wd1:USAAJOBSWD,unitedautomobileassocia.com,https://www.usaajobs.com,56,Usaa WD
fe2b4fef-55e3-4de1-a54e-3ef141618fa7,C.H. Robinson,chrobinson,chrobinson:wd5:chrobinson,chrobinson.com,https://careers.chrobinson.com,55,Chrobinson
7846ed85-013c-4cff-bfe8-25d3336e5a5b,Northeast Wisconsin Technical College,nwtc,nwtc:wd1:NWTC1,nwtc.edu,https://nwtc.wd1.myworkdayjobs.com/NWTC1,55,Nwtc1
e803dd68-ef29-48e1-9506-2d81f4a9471f,Bowie State University,marylandconnect,marylandconnect:wd1:BSU_Careers,bowiestate.edu,https://www.bowiestate.edu/,54,BSU
94e54c6e-7fac-497b-9f40-782212717171,F5,ffive,ffive:wd5:f5jobs,f5.com,https://www.f5.com/company/careers,54,F5
8daaa1fb-63a5-492e-ae0d-33685c165a93,Apollo Global Management,athene,athene:wd5:Apollo_Careers,apollo.com,https://www.apollo.com/careers,53,Apollo
aef413a9-e405-4365-a19f-2a9b51818cb4,Central New Mexico Community College,chess,chess:wd1:CNMJOBS,cnm.edu,https://cnm.edu/jobs,53,CNM
4f5bd499-3fce-4186-a3c5-cf07caf52719,AIS (Applied Information Sciences),appliedis,appliedis:wd5:AIS_Careers,ais.com,https://ais.com/careers,52,AIS
437d34cf-5cd9-495e-943c-bd3289158417,Voya Services Company,godirect,godirect:wd5:voya_jobs,voya.com,https://godirect.wd5.myworkdayjobs.com/voya_jobs/voya_jobs,51,Voya
3b9e8863-8753-48be-aa55-4d52b5305f8c,Washington State University,wsu,wsu:wd5:WSU_Jobs,wsu.edu,https://wsu.edu/careers/jobs,51,WSU
453c4480-c504-4743-b6c1-fac68bab31d4,Kohl's,kohls,kohls:wd1:kohlscareers,kohls.com,https://careers.kohls.com,50,Kohls
ee85e424-6903-4e0c-8f43-86ea304e2122,San Juan College,chess,chess:wd1:SJC,sanjuancollege.edu,https://sanjuancollege.edu/careers,50,SJC
f6fce62d-0430-4a8e-98c0-d6d6fc58a0cd,Constellation Brands,cbrands,cbrands:wd5:CBI_External_Careers,cbrands.com,https://cbrands.wd5.myworkdayjobs.com/CBI_External_Careers,49,CBI
056b990b-0f8e-4c97-b6d0-90c164bb73c9,Fairfield University,ffd,ffd:wd1:EmploymentOpportunities,fairfield.edu,https://fairfield.edu/jobs,48,Employmentopportunities
23e0779a-f55f-4e34-93a7-24e932662ed1,Miami University of Ohio,miamioh,miamioh:wd5:miamioh-faculty,miamioh.edu,https://miamioh.wd5.myworkdayjobs.com/miamioh-faculty,48,Miamioh Faculty
ee61e079-ae19-4359-aa22-6d16f376f0ba,Rochester Institute of Technology,rit,rit:wd12:careers,rit.edu,https://rit.edu/careers,44,RIT
79d0f2eb-2d6d-4c40-bff6-98fe260ea732,Sentry (sentry.com),sentryinsurance,sentryinsurance:wd1:SentryCareers,sentry.com,https://sentry.com/careers,43,Sentry
c4ed9bf6-6585-42d9-ae97-161a15a382ba,University of Central Florida,ucf,ucf:wd1:careers,ucf.edu,https://ucf.wd1.myworkdayjobs.com/careers,43,UCF
6fffb419-fae9-42f5-8ee5-e25cf12b776c,CA STATE POLYTECHNIC UNIV POMONA,theclaremontcolleges,theclaremontcolleges:wd1:POM_Careers,ca-state-polytechnic-univ-pomona.uscis-employer,https://pomona.edu/careers,42,POM
90abedab-9c17-4f35-9bba-95497529c649,Pomona College,theclaremontcolleges,theclaremontcolleges:wd1:POM_Careers,pomona.edu,https://pomona.edu/careers,42,POM
3d63d733-f64b-48ed-8b6d-946e70c92e86,Ares Management,aresmgmt,aresmgmt:wd1:External,aresmgmt.com,https://aresmgmt.wd1.myworkdayjobs.com/en-US/External,41,Aresmgmt
525f9b15-1289-4f13-bd32-c5bc70b6efe0,CALIFORNIA STATE POLYTECHNIC UNIV POMONA,theclaremontcolleges,theclaremontcolleges:wd1:POM_Careers,california-state-polytechnic-univ-pomona.uscis-employer,https://pomona.edu/careers,41,POM
d62ceb42-d968-4a18-ba98-9cfd24641cac,"California State Polytechnic University, Pomona",theclaremontcolleges,theclaremontcolleges:wd1:POM_Careers,california-state-polytechnic-university-pomona.lca-employer,https://pomona.edu/careers,41,POM
fae374e3-cf02-4730-9e09-04e7d2e3c083,Elsevier,relx,relx:wd3:ElsevierJobs,elsevier.com,https://elsevier.com/careers,38,Elsevier
5fb83c90-55fc-41d2-972f-86fdce92dec2,RTS,resolvetech,resolvetech:wd1:rts,resolvetech.wd1.myworkdayjobs.com,https://resolvetech.wd1.myworkdayjobs.com/en-US/rts,38,RTS
396465ab-1dc9-4c0e-afe5-1bb882f4ab2b,Great Basin College,nshe,nshe:wd1:GBC-external,gbcnv.edu,https://www.gbcnv.edu/,36,GBC
c6f8fc2e-f373-41c3-a86f-f75e02dfd88b,Salisbury University,marylandconnect,marylandconnect:wd1:SU_Careers,salisbury.edu,https://salisbury.edu/jobs,36,SU
95a75676-98de-4a8a-9562-d2e79a8cd9e2,Vibrantz Technologies,ferro,ferro:wd503:vibrantzcareers,vibrantz.com,https://vibrantz.com/careers,36,Vibrantz
0994d9a9-d459-4e4c-a636-bfd1ae36e969,Occidental Petroleum,oxy,oxy:wd5:Corporate,oxy.com,https://www.oxy.com/careers,34,Corporate
aa60ff87-e940-4885-b3e3-6e665368d286,Activision Blizzard,xboxgaming,xboxgaming:wd1:External,activisionblizzard.com,https://careers.activisionblizzard.com,33,Xboxgaming
2c4dc260-54d5-4cd0-a915-0369781a095c,LGG Industrial,hrsystem,hrsystem:wd1:Careers,lggindustrial.com,https://lggindustrial.com/careers,32,Hrsystem
471b9f4c-7edd-4769-b4ac-3c8eccd92c89,Minnesota State University Moorhead,minnstate,minnstate:wd115:Minnesota_State_Careers,mnstate.edu,https://minnstate.wd115.myworkdayjobs.com/Minnesota_State_Careers,32,Minnesota State
7850323d-43c6-40e1-a036-c654d3811ce3,Wentworth Institute of Technology,wit,wit:wd1:WIT,wentworth-institute-of-technology.lca-employer,https://www.wit.edu/,32,WIT
79c08011-9fed-4f84-955d-b8489d19d267,Wentworth Institute of Technology,wit,wit:wd1:WIT,wit.edu,https://www.wit.edu/,32,WIT
0c4bb2b6-b9cd-4c91-a13a-305819963dcd,AltaGas,wgl,wgl:wd5:AltaGas,altagas.ca,https://altagas.ca/careers,31,Altagas
82cede1b-fa74-4664-a16d-c31970f7303f,Hinds Community College,hindscc,hindscc:wd1:HCCExternalCareersSite,hindscc.edu,https://hindscc.wd1.myworkdayjobs.com/HCCExternalCareersSite,31,HCC
017cd3c1-3422-49d2-ad05-87d3e14b66c3,Midland States Bank,midlandsb,midlandsb:wd1:msbcareers,midlandsb.com,https://midlandsb.com/careers,27,MSB
e14955b7-fd24-4d94-a6cc-731fc3e65d22,Seattle Pacific University,spu,spu:wd12:SPU,spu.edu,https://spu.edu/jobs,26,SPU
6bfbb113-c919-4aeb-acd4-1d957549c8e6,University of Mount Union,unioncollege,unioncollege:wd5:UnionCollegeCareers,university-of-mount-union.lca-employer,https://union.edu/careers,26,Unioncollege
a9201396-2272-4fe4-8bfd-e8328ef30485,SMEC,surbanajurong,surbanajurong:wd3:careersatsmec,smec.com,https://smec.com/careers,25,Atsmec
4b303d81-2d25-4695-801a-1744fcd36d3b,Grand Valley State University,gvsu,gvsu:wd1:careers,gvsu.edu,https://gvsu.wd1.myworkdayjobs.com/careers,24,Gvsu
57705ea5-1b43-47f2-a690-6eb339aab5c7,AssetWorks LLC,volarisgroup,volarisgroup:wd3:AssetWorks,assetworks.com,https://assetworks.com/careers,23,Assetworks
03bfdbe0-3192-439e-b5b0-e6a69608649c,Ohio State University,osu,osu:wd1:OSUCareers,osu.edu,https://osu.wd1.myworkdayjobs.com/en-US/OSUCareers,21,OSU
48631988-eb69-497a-836c-89e58e9a213f,CAL STATE POLY UNIVERSITY POMONA,theclaremontcolleges,theclaremontcolleges:wd1:POM_Careers,cal-state-poly-university-pomona.uscis-employer,https://pomona.edu/careers,20,POM
8ba5a8e5-f6f2-49b3-92c7-af97b667a8e9,Frostburg State University,marylandconnect,marylandconnect:wd1:FSU_Careers,frostburg.edu,https://www.frostburg.edu/,20,FSU
b8b29bcc-7fb1-4a7b-93ec-076c94c968fc,Philadelphia College of Osteopathic Medicine,pcom,pcom:wd108:External,pcom.edu,https://pcom.wd108.myworkdayjobs.com/External,20,Pcom
1e214b92-950c-4660-b482-ed1bc5ac1149,Relativity,kcura,kcura:wd1:External_Career_Site,relativity.com,https://careers.relativity.com,20,Kcura
bdb2086f-8294-4b22-a523-ff4d60ad4e67,ABC Fitness Solutions,abcfinancial,abcfinancial:wd5:ABCFinancialServices,abcfitness.com,https://abcfitness.com/careers,19,Abcfinancialservices
895d9311-a8f4-4ace-a849-1e31283efed1,Blue Nile,signetjewelers,signetjewelers:wd1:BlueNile,bluenile.com,https://bluenile.com/careers,19,Bluenile
d4d5d1cb-e547-4bdf-95fc-79e002dabf40,Columbus State Community College,cscc,cscc:wd1:CSCC_ext,cscc.edu,https://cscc.wd1.myworkdayjobs.com/CSCC_ext,19,Cscc
ecac22b4-5ca2-492f-bdce-c465794982b4,Mount Holyoke College,mtholyoke,mtholyoke:wd5:External,mtholyoke.edu,https://mtholyoke.wd5.myworkdayjobs.com/External,19,Mtholyoke
bafa9c1e-e12e-46e8-9555-1ca679ebfd83,Envista Forensics,corpartners,corpartners:wd5:Envista,envistaforensics.com,https://envistaforensics.com/careers,18,Envista
050db487-e0ca-4085-8215-aa77612f50cf,SOUTHEASTERN UNIVERSITY INC,ulsselu,ulsselu:wd503:SLU,southeastern-university-inc.uscis-employer,https://southeastern.edu/careers,17,SLU
0b417fed-308f-4401-98e1-e4436d04c2cb,Southeastern Oklahoma State University,ulsselu,ulsselu:wd503:SLU,southeastern.edu,https://southeastern.edu/careers,17,SLU
6fd872a1-07f5-45f5-8f6a-f7cf871cef1b,University of Baltimore,marylandconnect,marylandconnect:wd1:UBaltCareers,ubalt.edu,https://www.ubalt.edu/,16,Ubalt
daef4f74-a714-419d-a503-c3fbf2eb7198,American Family Mutual Insur Co Si,amfam,amfam:wd1:careers,nfamilymutualinsursi.com,https://amfam.wd1.myworkdayjobs.com/careers/careers,15,Amfam
4080f962-6117-48d9-919d-c24eb8425784,Vanliner Insurance Company,gaig,gaig:wd1:National_Interstate_External,natl.com,https://natl.com/careers,15,National Interstate
f614a512-bf1b-4fc1-b8c6-d91875d1b87d,Northcentral Technical College,ntc,ntc:wd1:ntc,ntc.edu,https://ntc.wd1.myworkdayjobs.com/ntc,14,NTC
d9f9a282-f2fd-4098-a3ed-95c336425230,Warner Music Group,wmg,wmg:wd1:WMGUS,wmg.com,https://www.wmg.com/careers,14,Wmgus
9121cbb5-1913-4183-b13c-bfa56c165267,ALBANY LAW SCHOOL OF UNION UNIVERSITY,unioncollege,unioncollege:wd5:UnionCollegeCareers,albany-law-school-of-union-university.uscis-employer,https://union.edu/careers,13,Unioncollege
7cd774e0-e61c-4cb9-940f-8f0294c7003d,AUBURN UNIVERSITY CREDIT UNION,unioncollege,unioncollege:wd5:UnionCollegeCareers,union.edu,https://union.edu/careers,13,Unioncollege
1b315f43-61d4-4960-ae0e-e7dfb765c9d4,Brightree,resmed,resmed:wd3:Brightree_External_Careers,brightree.com,https://brightree.com/careers,13,Brightree
960cdf69-2f32-49a1-8946-0bc578c79d4e,Union Commonwealth University,unioncollege,unioncollege:wd5:UnionCollegeCareers,union-commonwealth-university.lca-employer,https://union.edu/careers,13,Unioncollege
d07b3f3a-9b20-47b2-9e90-e3d86ae8c6a5,University Federal Credit Union,unioncollege,unioncollege:wd5:UnionCollegeCareers,university-federal-credit-union.lca-employer,https://union.edu/careers,13,Unioncollege
5964217d-2a61-4853-9f0e-ee494443c954,Capella University,strayer,strayer:wd1:CU_Careers,capella.edu,https://capella.edu/careers,11,CU
4b458639-74f6-46b5-97fb-8ca9263ed2ca,Engle Martin,corpartners,corpartners:wd5:EngleMartin,englemartin.com,https://englemartin.com/careers,11,Englemartin
cba582e3-02b9-4358-8c8a-94dbfb64c7b1,"University of Nevada, Las Vegas",nshe,nshe:wd1:UNLV-External,unlv.edu,https://unlv.edu/jobs,10,Unlv
1f336415-ca38-4a83-a3d8-d4af881eb909,Pinnacle Technical Resources Inc.,pinnaclegroup,pinnaclegroup:wd1:PinnacleGroup,pinnacletechnicalresources.com,https://pinnaclegroup.wd1.myworkdayjobs.com/en-US/PinnacleGroup,8,Pinnaclegroup
78a330d6-25ee-461e-b1b6-909470b06ef5,Fairway Independent Mortgage Corporation,fimc,fimc:wd1:Fairway_Careers,fairway.com,https://fairway.com/careers,7,Fairway
8c07bd14-4af0-4c8c-b961-57cd93232f02,Louisiana State University And A&M College,lsu,lsu:wd1:LSU,louisianastateuniversityandamllege.com,https://lsu.wd1.myworkdayjobs.com/LSU,7,LSU
5305a067-13d8-4470-84f8-ec4654d4e5d1,Louisiana State University-Eunice,lsu,lsu:wd1:LSU,lsue.edu,https://lsu.wd1.myworkdayjobs.com/LSU,7,LSU
fca1a99c-ff1a-40c8-a904-25196795e33b,Ribbon Communications,vhr-genband,vhr-genband:wd1:ribboncareers,ribboncommunications.com,https://vhr-genband.wd1.myworkdayjobs.com/en-US/ribboncareers,5,Ribbon
dacd91f4-855b-4b65-9f8a-9cb514290cde,SciPlay,lnw,lnw:wd5:SciPlayExternalCareersSite,sciplay.com,https://sciplay.com/careers,5,Sciplay
bab1420f-b5b9-4996-9b57-d51f7e0870ea,Claremont Graduate University,theclaremontcolleges,theclaremontcolleges:wd1:CGU_Careers,cgu.edu,https://theclaremontcolleges.wd1.myworkdayjobs.com/en-US/CGU_Careers,4,CGU
74dbdba0-83e4-4402-ba9f-1688e2318c5c,Le Moyne College,agilitas,agilitas:wd503:LMC-GA,lemoyne.edu,https://lemoyne.edu/careers,4,LMC GA
11a209e1-3599-4a38-a8f7-fdc3e4f9abe6,Florida Gulf Coast University,fgcu,fgcu:wd5:eaglejobs,fgcu.edu,https://fgcu.wd5.myworkdayjobs.com/en-US/eaglejobs,3,Eagle
1c132c4a-610a-4fd9-8fe8-4797f044e432,Apmt,maersk,maersk:wd3:APMT_Careers,maersk.wd3.myworkdayjobs.com,https://maersk.wd3.myworkdayjobs.com/en-US/APMT_Careers,2,Apmt
e155ae81-bd52-4202-a855-70912cccb6c6,Envari Energy Solutions,hydroottawa,hydroottawa:wd3:envari_ottawa_careersite,envari.com,https://envari.com/careers,2,Envari Ottawa ITE
ad33f634-1f6f-470b-98e8-3eeb7c0af97e,Galvanize USA,strideinc,strideinc:wd1:G,galvanize.com,https://galvanize.com/careers,2,Strideinc
052a52a2-cfbb-4ff3-95a9-a275037531ba,WideOrbit,luminegrp,luminegrp:wd3:WideOrbit,wideorbit.com,https://wideorbit.com/careers,2,Wideorbit
4ea7b7e2-2ca4-44a3-87fe-9b052df45d87,automotiveMastermind,spgi,spgi:wd5:aM_Careers,automotivemastermind.com,https://automotivemastermind.com/careers,2,AM
e0ce595e-6862-4578-96eb-1ce85dd41e45,Villeroy & Boch,villeroyboch,villeroyboch:wd3:Careers,villeroyboch.com,https://villeroyboch.wd3.myworkdayjobs.com/en-US/Careers,1,Villeroyboch
39f99b4a-17af-4921-8e8e-cd12033e5c62,Kimberly-Clark,kimberlyclark,kimberlyclark:wd1:External,kimberly-clark.com,https://kimberlyclark.wd1.myworkdayjobs.com/en-US/External,0,Kimberlyclark
26534e33-4c7a-4efa-8a69-add3bf2dc503,Magnite,osv-rubicon,osv-rubicon:wd5:MagniteCareers,magnite.com,https://osv-rubicon.wd5.myworkdayjobs.com/MagniteCareers,0,Magnite
44e6744e-57e0-40cb-a855-77e342d29511,SBA Communications,sbasite,sbasite:wd5:External,sbasite.com,https://sbasite.wd5.myworkdayjobs.com/en-US/External,0,Sbasite
4e174788-0e39-4071-9997-907e87e63345,True Rx Health Strategists,truecar,truecar:wd1:External,truecar.com,https://truecar.wd1.myworkdayjobs.com/en-US/External,0,Truecar
