"id","name","domain","old_url","old_ats","new_url","new_ats","confidence","reason"
"981a798c-e500-494e-8c75-bace2ee516c7","Abn Tech Corporation","abntechoration.com","https://abntechoration.com/careers","","","","none","homepage_unreachable_error"
"b98cba7d-2364-4939-a179-0df0612a85f0","Acetech Group Corporation","acetechoration.com","https://acetechoration.com/careers","","","","none","homepage_unreachable_error"
"f4495094-1c95-47b2-8190-0d5aaf8c6fdc","ADT","adt.com","https://careers.adt.com","workday","https://jobs.adt.com/","","medium","careers_page_no_ats_detected"
"4f7da5ac-3059-4d55-a9ae-8bbbe89252c3","Advanced Knowledge Tech LLC","advancedknowledgetech.com","https://advancedknowledgetech.com/careers","","","","none","homepage_unreachable_error"
"c17bbed6-3d41-4d7f-be61-41236bf539d0","Adventist Health System Sunbelt In","adventisthealthsystemsunbeltin.com","https://careers.adventhealth.com","workday","","","none","homepage_unreachable_error"
"32e834e7-6c51-4382-8f92-776de3a1487f","Activehours Inc.","activehours.com","https://activehours.com/careers","","https://www.earnin.com/careers","","medium","careers_page_no_ats_detected"
"ebfe9021-6c04-4d43-8615-a3c31e0ea0a7","Albert Einstein Medical Center","alberteinsteinmedicalcenter.com","https://careers.einstein.edu","icims","","","none","homepage_unreachable_error"
"2f215a5d-6080-47da-96e7-65a7b4d73bf5","Agap Technologies Inc.","agap.com","https://agap.com/careers","","","","none","homepage_unreachable_error"
"ad75bccd-c309-43f6-9f7a-0a19858244a9","Advanced Energy Industries Inc.","advancedenergyindustries.com","https://careers.advancedenergy.com","icims","","","none","homepage_unreachable_error"
"1f147490-a06f-4c20-a0ed-b38a8b6b411f","Alliancebernstein L P","alliancebernsteinlp.com","https://careers.alliancebernstein.com","workday","","","none","homepage_unreachable_error"
"1962907b-46a4-440c-a912-83dc45624c6c","Albertsons","albertsons.com","https://careers.albertsonscompanies.com","workday","","","none","no_candidates"
"44047bd0-20f5-4478-b2d1-43bf582b506d","American Bankers Insurance Company","nbankersinsurancempany.com","https://careers.assurant.com","workday","","","none","homepage_unreachable_error"
"904916fd-d566-45a2-970a-ea31acf5a085","AMERICAN EXPRESS TRAVEL RELATED","americanexpress.com","https://jobs.americanexpress.com","workday","https://www.americanexpress.com/en-us/careers/?inav=en_us_footer_About_Careers","","medium","careers_page_no_ats_detected"
"a6d5655b-ab7d-46a0-9155-03cd0ea5ee65","American It Solutions Inc.","nit.com","https://americanits.com/careers","custom","","","none","no_career_links_on_homepage"
"53503e5e-5c78-4349-8168-18a893d50835","Altice USA","alticeusa.com","https://www.alticeusajobs.com","icims","https://performancemanager8.successfactors.com","successfactors","high","careers_page_embeds_successfactors"
"ce1c961b-071d-4930-860c-b5297032a04d","Anjus LLC","anjus.com","https://anjus.com/careers","","","","none","homepage_unreachable_error"
"14c180a3-de62-47c8-b7cd-fb55649d101b","Aristocrat Technologies Inc.","aristocrat.com","https://careers.aristocrat.com","workday","https://aristocrat.wd3.myworkdayjobs.com/AristocratExternalCareersSite","workday","high","homepage_embeds_ats"
"fa8d2619-40ca-4f83-b106-3bda06d89b7d","Arthur J Gallagher Service Company LLC","arthurjgallagherservicempany.com","https://arthurjgallagherservicempany.com/careers","","","","none","homepage_unreachable_error"
"ab686ba5-dafb-4bc0-a87a-a0291c72391a","AT&T","att.com","https://www.att.jobs","custom","","","none","no_career_links_on_homepage"
"d2e74fca-0c53-4a17-bc94-95bd1f67f778","Atos It Solutions And Services Inc.","atositand.com","https://atositand.com/careers","","","","none","homepage_unreachable_error"
"dcf5b327-5f55-4e31-9fb9-6fddeb09ec39","Aurora Medical Group Inc.","auroramedical.com","https://www.advocateaurorahealth.com/careers","workday","","","none","no_career_links_on_homepage"
"ffa4c238-3934-48af-a635-6c8e21a50a6b","Avani Technology Solutions Inc.","avani.com","https://avani.com/careers","","","","none","homepage_unreachable_error"
"c80e03e1-72ad-4685-9544-7bada8c526a0","Bath & Body Works","bbwi.com","https://careers.bbwinc.com","workday","","","none","no_career_links_on_homepage"
"3c83108a-16b0-4b74-bb55-1171edfee217","Black Construction Corporation","blacknstructionoration.com","https://blacknstructionoration.com/careers","","","","none","homepage_unreachable_error"
"1e505617-9204-4cfa-ae6b-0df2f7c6531c","Bluecross Blueshield Association","bluecrossblueshieldassociation.com","https://careers.bcbs.com","workday","","","none","homepage_unreachable_error"
"20f216e2-42f0-4bf0-aa94-1dd48376805a","Bor Usga Obo Augusta University","borgaoboaugustauniversity.com","https://jobs.augusta.edu","peopleadmin","","","none","homepage_unreachable_error"
"178226ff-f0d8-4d1e-a815-acd480741187","Bruhat Technologies Inc.","bruhat.com","https://bruhat.com/careers","","","","none","homepage_unreachable_error"
"b3454251-2943-49ec-af81-708e3d53e376","Abal Technologies Inc.","abal.com","https://abal.com/careers","","","","none","homepage_unreachable_error"
"6caee26c-acb5-490b-ab3f-c996f8440147","California Polytechnic State Univ","californiapolytechnicstateuniv.com","https://careers.calpoly.edu","peopleadmin","","","none","homepage_unreachable_error"
"bb9effe9-b608-4f59-b5e0-69437a494a74","Calix","calix.com","https://careers.calix.com","icims","https://calix.wd1.myworkdayjobs.com/External","workday","high","careers_page_embeds_workday"
"32caecae-1990-46c0-950d-d45477c59ea4","Burlington Stores","burlingtonstores.com","https://careers.burlingtonstores.com","workday","https://www.burlington.com/careers","","medium","careers_page_no_ats_detected"
"ee0ddf4b-e6e5-4131-90ba-43353fb8e463","Cgi Technologies And Solutions Inc.","cgiand.com","https://cgiand.com/careers","","","","none","homepage_unreachable_error"
"452a6500-a36a-4ef6-b858-ec2b9e9735bc","Arcus Technologies","arcus.com","https://arcus.com/careers","","","","none","homepage_unreachable_error"
"2a740299-bd74-42d6-a6fa-473334b779de","Cedars Sinai Medical Center","cedarssinaimedicalcenter.com","https://careers.cedars-sinai.org","workday","","","none","no_career_links_on_homepage"
"134d46cc-01e8-461c-8b25-9c141480fdb7","Client Network Services LLC","clientnetwork.com","https://www.cnsinc.com/careers","icims","","","none","no_career_links_on_homepage"
"f478c462-5d35-43f9-91f1-ef64d5a83a61","Cloud Software Group Inc.","cloudsoftware.com","https://www.cloudsoftwaregroup.com/careers","icims","","","none","homepage_unreachable_error"
"6a73ac4c-c3d6-4f2b-a936-7a1084b6cff7","Allegheny Clinic","alleghenyclinic.com","https://careers.ahn.org","workday","","","none","homepage_unreachable_error"
"3bc31273-2a38-4c9f-bfa1-4c27c0ac60d7","CME Group","cmegroup.com","https://careers.cmegroup.com","workday","","","none","no_career_links_on_homepage"
"15e64393-458c-4c3f-82d1-65afc89b9194","Cosmic Healthcare LLC","smichealthcare.com","https://smichealthcare.com/careers","","","","none","homepage_unreachable_error"
"ddb579af-6101-4b09-b091-d93cd14c6a06","Covant Solutions Inc.","vant.com","https://vant.com/careers","","","","none","homepage_unreachable_error"
"04fa9e2e-28e1-4318-a07c-f92abd2c7466","Columbus Technology Solutions Inc.","lumbus.com","https://columbusts.com/careers","custom","","","none","no_career_links_on_homepage"
"65657394-ffe2-43d9-9947-7321e5104e64","Cummins Emission Solutions Inc.","cumminsemission.com","https://cumminsemission.com/careers","","","","none","homepage_unreachable_error"
"3c741928-9b89-48bd-9ae3-16f6d02edc5f","Darlington County School District","darlingtonuntyschooldistrict.com","https://www.darlington.k12.sc.us/careers","custom","","","none","homepage_unreachable_error"
"d3e63f2c-f47f-411d-b336-681da1de46e4","Delta Air Lines","delta.com","https://careers.delta.com","workday","","","none","no_career_links_on_homepage"
"6add986d-22cb-4c33-8906-280b92a1ee43","Denso International America Inc.","densointernational.com","https://careers.densodrive.com","icims","","","none","homepage_unreachable_error"
"9f9bf7a0-76f6-40d2-a587-e88c8031c627","Detroit Diesel Corporation","detroitdieseloration.com","https://career.daimlertruck.com","successfactors","","","none","homepage_unreachable_error"
"50f579bd-1c15-4e49-b6e5-484e9d7a30df","Devoir Software Solutions LLC","devoirsoftware.com","https://devoirsoftware.com/careers","","","","none","homepage_unreachable_error"
"caa69743-4ae3-4579-b4f7-f2d21ebdb11d","Csc Holdings LLC","csc.com","https://www.alticeusajobs.com","icims","https://dxctechnology.wd1.myworkdayjobs.com/DXCJobs/login","workday","high","careers_page_embeds_workday"
"aa82a7b1-d5ad-44fa-a09c-2681c53f1fd3","Dow","dow.com","https://careers.dow.com","workday","","","none","homepage_unreachable_403"
"eb6283ed-663a-4440-a344-da4f4c8ffd57","Dick's Sporting Goods","dickssportinggoods.com","https://careers.dicks.com","workday","","","none","homepage_unreachable_403"
"7947b088-00db-48d8-8aa2-d214ba1174a3","E2 Consulting Engineers Inc.","e2nsultingengineers.com","https://e2nsultingengineers.com/careers","","","","none","homepage_unreachable_error"
"31eb23c0-2e48-4cdc-b743-f5a371deaa84","Emergtech Business Solutions Inc.","emergtechbusiness.com","https://emergtechbusiness.com/careers","","","","none","homepage_unreachable_error"
"564ac1eb-db6f-4301-8a25-b2e57a2fc198","Eminent Software Services","eminentsoftware.com","https://eminentsoftware.com/careers","","","","none","homepage_unreachable_error"
"c2f006a3-2d2d-4685-a58f-bb2c1939b456","Everest Consulting Group Inc.","everestnsulting.com","https://everestnsulting.com/careers","","","","none","homepage_unreachable_error"
"485f3153-1173-4091-9655-d203ef35d775","Enterprise Mobility","enterprisemobility.com","https://careers.enterprisemobility.com","workday","https://www.enterprisemobility.com/en/careers.html","","medium","careers_page_no_ats_detected"
"ddec80a4-4dce-4d8b-84a1-6ceef169cfe7","FactSet","factset.com","https://careers.factset.com","workday","","","none","no_career_links_on_homepage"
"62676ab1-6aa3-4bb8-85b5-9ede39b45bfa","Fanatics Retail Gr Fulfillment LLC","fanaticsretailgrfulfillment.com","https://careers.fanatics.com","greenhouse","","","none","homepage_unreachable_error"
"e17385b4-5faf-40d8-b1c1-2f5fd46c113d","Fanatics","fanatics.com","https://careers.fanatics.com","greenhouse","","","none","homepage_unreachable_403"
"e19af83b-ddd7-49f6-a99a-d85d8fd1833a","Fidelity Technology Group LLC D B A Fidelity Investments","fidelitydbafidelityinvestments.com","https://fidelitydbafidelityinvestments.com/careers","","","","none","homepage_unreachable_error"
"627347ff-c413-4739-8a34-fa7e52543c3b","Ferguson","ferguson.com","https://careers.ferguson.com","workday","","","none","homepage_unreachable_403"
"90306ef4-fc52-437e-846a-bb56c37a798d","Fmr LLC D B A Fidelity Investments","fmrdbafidelityinvestments.com","https://fmrdbafidelityinvestments.com/careers","","","","none","homepage_unreachable_error"
"7149ea6a-52d4-45a6-8551-1292285fc559","Fiverr","fiverr.com","https://careers.fiverr.com","greenhouse","","","none","homepage_unreachable_403"
"3a82c8db-608e-4187-bc45-6a5d4a78ab05","Friendly Consultants Inc.","friendlynsultants.com","https://friendlynsultants.com/careers","","","","none","homepage_unreachable_error"
"78bc0c94-ed2c-472d-8090-2c68e76485a1","Fox Corporation","foxcorporation.com","https://careers.foxcorporation.com","workday","","","none","no_candidates"
"e03894ec-e340-4c81-8766-7373a6bfc328","Clientserver Technology Solutions LLC","clientserver.com","https://clientserver.com/careers","","https://www.clientserver.com/job-search","","medium","careers_page_no_ats_detected"
"f855b5bb-0530-44dd-8145-6c1ae4997b9b","Galax-Esystems Corporation","galaxesystemsoration.com","https://galaxesystemsoration.com/careers","","","","none","homepage_unreachable_error"
"7538ff10-05fe-4881-98f0-af7b5e7bb3e6","G3 Soft Inc.","g3soft.com","https://g3soft.com/careers","","","","none","homepage_unreachable_error"
"64193f3e-263a-40d1-82d3-da5bbfc39095","General Dynamics","gd.com","https://gdcareers.gd.com","workday","https://www.gd.com/careers/job-search","","medium","careers_page_no_ats_detected"
"dea65476-bec2-4210-a527-5907b0147c41","GE Aerospace","geaerospace.com","https://jobs.geaerospace.com","workday","https://careers.geaerospace.com/global/en/home","","medium","careers_page_no_ats_detected"
"6ab4a46c-bc3b-47ae-896b-e7dbae509002","Government Employee Insurance Company Geico","governmentemployeeinsurancempanygeico.com","https://governmentemployeeinsurancempanygeico.com/careers","","","","none","homepage_unreachable_error"
"3df16398-1ddf-4468-bd12-43da648a1fdd","Government Employees Insurance Company Geico","governmentemployeesinsurancempanygeico.com","https://governmentemployeesinsurancempanygeico.com/careers","","","","none","homepage_unreachable_error"
"c1343978-7e0f-4b7f-99a5-69d8297b7c84","GoPro","gopro.com","https://www.gopro.careers","workday","","","none","no_career_links_on_homepage"
"ef9a6f36-7528-42cd-a7ba-45a610686660","Hadiamondstar Software Solutions LLC","hadiamondstarsoftware.com","https://hadiamondstarsoftware.com/careers","","","","none","homepage_unreachable_error"
"37277d08-7617-4de5-834b-26d55af4c985","Harman Becker Automotive Systems Inc.","harmanbeckerautomotive.com","https://jobs.harman.com","successfactors","","","none","homepage_unreachable_error"
"9250b001-a19b-49bc-af08-a7e44d776235","Hartford Fire Insurance Company","hartfordfireinsurancempany.com","https://careers.thehartford.com","workday","","","none","homepage_unreachable_error"
"39ea6d16-b2dd-4f6e-a326-9cf11cdf1334","Horizon International Trd Inc.","horizoninternationaltrd.com","https://horizoninternationaltrd.com/careers","","","","none","homepage_unreachable_error"
"f968769e-f654-435f-8c33-b4a7f6c204b0","Hertz","hertz.com","https://careers.hertz.com","workday","","","none","no_career_links_on_homepage"
"4a09914a-a58a-4a1e-a6ea-48eb561eb40d","Hospital For Special Surgery","hospitalforspecialsurgery.com","https://careers.hss.edu","icims","","","none","no_career_links_on_homepage"
"31aa97a3-b2ed-4255-810d-6553fb2a1dd8","Hrb Professional Resources LLC","hrbprofessionalresources.com","https://hrbprofessionalresources.com/careers","","","","none","homepage_unreachable_error"
"34c80ea7-9ab3-4a6e-bae9-a72aa5fafcf3","Hormel Foods","hormelfoods.com","https://careers.hormelfoods.com","workday","https://www.hormelfoods.com/careers/","","medium","careers_page_no_ats_detected"
"a9921679-238c-430f-8ec5-526a60f8e484","Huron Consulting Services LLC","huronnsulting.com","https://huronnsulting.com/careers","","","","none","homepage_unreachable_error"
"45008283-7ecb-4e66-bd37-8ed77b0ccad1","Ibase Of Fairfield County LLC","ibaseoffairfieldunty.com","https://ibaseoffairfieldunty.com/careers","","","","none","homepage_unreachable_error"
"4c4a6ef9-f22d-49ab-995e-05d432079c88","Iconsoft Inc.","iconsoft.com","https://iconsoft.com/careers","","","","none","homepage_unreachable_error"
"c09bf9d2-d1fc-4d92-bb52-3e127ea85cdd","Chicago Mercantile Exchange Inc.","chicagomercantileexchange.com","https://careers.cmegroup.com","workday","","","none","homepage_unreachable_error"
"f6990abf-3c20-4493-9d1f-2f2b13ddbed3","Indus Valley Consultants Inc.","indusvalleynsultants.com","https://indusvalleynsultants.com/careers","","","","none","homepage_unreachable_error"
"0f824555-af94-492b-90c1-e87dd0b4d951","Infodat International Inc.","infodatinternational.com","https://infodatinternational.com/careers","","","","none","homepage_unreachable_error"
"ee02dc7d-eaac-41a4-b483-20ca0ca958fa","Infodrive Systems Inc.","infodrive.com","https://infodrive.com/careers","","","","none","homepage_unreachable_error"
"7c4f0b06-30d4-4bef-a93c-9b1e200a892e","Infomerica Inc.","infomerica.com","https://infomerica.com/careers","","","","none","homepage_unreachable_error"
"eb979fb7-cc10-4cd8-85be-0575882615f5","Innominds Software Inc.","innomindssoftware.com","https://innomindssoftware.com/careers","","","","none","homepage_unreachable_error"
"3e1696f0-5829-45e7-b9df-ee1663be2085","Innovative Intelligent Solutions LLC","innovativeintelligent.com","https://innovativeintelligent.com/careers","","","","none","homepage_unreachable_error"
"d8c5a38d-6800-41f3-b4e9-833fb787deca","Interactive Communications International Inc.","interactivemmunicationsinternational.com","https://interactivemmunicationsinternational.com/careers","","","","none","homepage_unreachable_error"
"5e2b235f-ee47-4c4f-a1f2-351ea9d8250f","Involgixs Inc.","involgixs.com","https://involgixs.com/careers","","","","none","homepage_unreachable_error"
"73f8d941-461b-43b0-b374-d21ab11d4fc6","Isr Info Way Inc.","isrinfoway.com","https://isrinfoway.com/careers","","","","none","homepage_unreachable_error"
"6a810ad5-107e-4711-b4cd-74abdcebf6a0","Fuyao Glass America Inc.","fuyaoglass.com","https://fuyaoautoglass.com/careers/","custom","","","none","homepage_unreachable_error"
"97e9c9b3-c0e8-4009-a639-2aab0dbf6bf1","Hughes Network Systems","hughes.net","https://careers.hughes.com","icims","","","none","homepage_unreachable_error"
"c619bcf3-8e1c-4bf6-b429-4620531fd2a2","Ikon Tech Services LLC","ikontech.com","https://ikontech.com/careers","","","","none","homepage_unreachable_error"
"d8bc147c-f9c7-450e-96bf-96335f427929","Istream Solutions Inc.","istream.com","https://istream.com/careers","","","","none","homepage_unreachable_error"
"1feb001d-577b-4fca-bcd6-f756538b1885","Itlize Global LLC","itlizeglobal.com","https://itlizeglobal.com/careers","","","","none","homepage_unreachable_error"
"f6fa91b5-88ff-4349-a09e-9bd8a5912abc","Kian Corporation","kianoration.com","https://kianoration.com/careers","","","","none","homepage_unreachable_error"
"f00e4ac8-d8fe-4ebe-a5f5-e6edfba9dc6f","Kennesaw State University","kennesawstateuniversity.com","https://careers.hr.kennesaw.edu","peopleadmin","","","none","no_career_links_on_homepage"
"92364fea-9a63-463e-94da-3890ba8300ed","Lead It Corporation","leaditoration.com","https://leaditoration.com/careers","","","","none","homepage_unreachable_error"
"5b6622b3-7f94-4459-8333-2ff497a2382a","Level 3 Communications LLC","level3mmunications.com","https://level3mmunications.com/careers","","","","none","homepage_unreachable_error"
"08cad2da-27e0-4953-876c-b72cc45bb051","Kellanova","kellanova.com","https://careers.kellanova.com","workday","","","none","no_candidates"
"764308a3-ff61-4831-b61a-e609db93b2dc","Knowledge Resources Group Inc.","knowledgeresources.com","https://knowledgeresources.com/careers","","","","none","homepage_unreachable_error"
"02485477-523e-4a8d-abcb-0351ac1f7056","Krispy Kreme","krispykreme.com","https://careers.krispykreme.com","workday","","","none","no_career_links_on_homepage"
"83be575d-428e-41b2-a19b-53c24b573343","Lorshi Systems LLC","lorshi.com","https://lorshi.com/careers","","","","none","homepage_unreachable_error"
"e5e0bd4c-4d20-44d6-9fea-bc7547f1bc00","M9 Consulting Inc.","m9nsulting.com","https://m9nsulting.com/careers","","","","none","homepage_unreachable_error"
"ab259ce3-e50c-4c3c-a9c5-f1197750e484","Lucid Motors","lucidmotors.com","https://careers.lucidmotors.com","workday","https://lucidmotors.com/careers","","medium","careers_page_no_ats_detected"
"ba22e77f-c0e8-49be-936b-fd8db40b4681","Logitech","logitech.com","https://jobs.logitech.com","workday","","","none","homepage_unreachable_error"
"3c8b9f59-2da4-4d80-8122-ad26b5455cc8","Martin Marietta","martinmarietta.com","https://careers.martinmarietta.com","icims","https://jobs.jobvite.com/martinmarietta","","medium","careers_page_no_ats_detected"
"d7ccba69-d687-4246-9357-366c1521ec94","Maximus","maximusinc.com","https://careers.maximus.com","workday","","","none","no_career_links_on_homepage"
"f47d1c18-d349-41a9-a736-a3879e2a18fd","Medical University Of Sc And Affil","medicaluniversityofscandaffil.com","https://academicworks.musc.edu","peopleadmin","","","none","homepage_unreachable_error"
"c6aa38d9-2752-4e71-b493-4cbce485f97b","Merit American Technologies Inc.","meritn.com","https://meritn.com/careers","","","","none","homepage_unreachable_error"
"b4a6c92d-180b-4879-aad5-71986c581e11","Milwaukee Electric Tool Corporation","milwaukeeelectrictooloration.com","https://careers.milwaukeetool.com","workday","","","none","homepage_unreachable_error"
"0d6bec79-1c90-4e02-9bf4-910107b8aa7e","National Medical Care Inc. A Fresenius Medical Care Na Company","nationalmedicalcareafreseniusmedicalcarenampany.com","https://nationalmedicalcareafreseniusmedicalcarenampany.com/careers","","","","none","homepage_unreachable_error"
"bc49714e-badb-4c41-9762-1a8a89a1e376","Ncr Corporation","ncroration.com","https://careers.ncr.com","workday","","","none","homepage_unreachable_error"
"240ea2fb-5bfc-445d-abf4-fa0d9bb9b9e6","New York Power Authority","newyorkpowerauthority.com","https://www.nypa.gov/careers","icims","","","none","homepage_unreachable_error"
"3e7f66f2-0ada-4cd5-a836-b46d07f11a09","Macy's","macys.com","https://www.macysjobs.com","workday","","","none","no_candidates"
"98499b97-7da4-4e61-bd79-cf9f43732680","Nivid Infotech Inc.","nividinfotech.com","https://nividinfotech.com/careers","","","","none","homepage_unreachable_error"
"d3e0c195-ec1b-4b6d-a302-5e94d8cf9aec","MetLife","metlife.com","https://careers.metlife.com","workday","","","none","no_candidates"
"5a47bb9c-2351-4dd9-b907-827f6efd07be","Niha Technologies Inc.","niha.com","https://niha.com/careers","","","","none","homepage_unreachable_error"
"d371b991-fa62-407a-83b4-812b21e4ab50","Nuance Communications Inc.","nuancemmunications.com","https://nuancemmunications.com/careers","","","","none","homepage_unreachable_error"
"5053cf0a-cadc-403d-86dd-3fcbddd1e930","Nortonlifelock Inc.","nortonlifelock.com","https://careers.gendigital.com","workday","https://jobs.ashbyhq.com/gen-digital","ashby","high","homepage_embeds_ats"
"6560c273-4215-4925-b7bb-b47701c07c19","Om Partners Usa Inc.","ompartnersa.com","https://ompartnersa.com/careers","","","","none","homepage_unreachable_error"
"7c388551-c661-42b9-8432-a80be945d8d5","Nutrien","nutrien.com","https://careers.nutrien.com","workday","sapsf.com/careers?company=nutrien","successfactors","high","careers_page_embeds_successfactors"
"c0a7a21d-c4d6-492e-8955-2f53cc025160","Oma4 LLC","oma4.com","https://oma4.com/careers","","","","none","homepage_unreachable_error"
"ebb45857-b075-4c06-9456-db1305ce2d1e","Optum","optum.com","https://careers.optum.com","workday","https://www.optum.com/en/careers.html","","medium","careers_page_no_ats_detected"
"847febe0-edd6-4e5b-acf4-632c66c3f7c1","Otis Worldwide","otis.com","https://careers.otis.com","workday","https://otis.wd5.myworkdayjobs.com/REC_Ext_Gateway","workday","high","careers_page_embeds_workday"
"633120c0-63c5-4504-8399-07c001e4cddc","Palayekar Companies Inc.","palayekarmpanies.com","https://palayekarmpanies.com/careers","","","","none","homepage_unreachable_error"
"de9e17fe-2c5b-49fb-8692-19bd9f344284","Northeast Medical Group Inc.","northeastmedical.com","https://jobs.ynhh.org","workday","","","none","no_career_links_on_homepage"
"0dce7036-6b0f-481c-a27b-8bf12b8c0a06","Pilot Travel Centers LLC","pilottravelcenters.com","https://jobs.pilotcompany.com","workday","https://jobs.smartrecruiters.com/PilotCompany/744000124534141-janitorial-maintenance?oga=true","smartrecruiters","high","careers_page_embeds_smartrecruiters"
"0c8e4420-d924-4233-8941-9034c4931ba6","Pwc Us Consulting Llp","pwcnsulting.com","https://pwcnsulting.com/careers","","","","none","homepage_unreachable_error"
"6f9071c1-53dd-4f05-9d16-34ba09f75b47","Pitney Bowes Inc.","pitneybowes.com","https://careers.pitneybowes.com","icims","https://pitneybowes.wd1.myworkdayjobs.com/en-US/PBCareers","workday","high","careers_page_embeds_workday"
"7519babe-29a1-4153-a5eb-b425682c6269","R2 Technologies Corporation","r2oration.com","https://r2oration.com/careers","","","","none","homepage_unreachable_error"
"6b89c7c3-ddad-45c1-83c3-ed8968473507","Radcom Software Services LLC","radcomsoftware.com","https://radcomsoftware.com/careers","","","","none","homepage_unreachable_error"
"25f933a0-1cdb-4aa7-8258-859a99334407","Ramsai Software Solutions Inc.","ramsaisoftware.com","https://ramsaisoftware.com/careers","","","","none","homepage_unreachable_error"
"b030284a-bb8a-48c9-bf52-e147d9b57eba","Rbus Inc. A Red Ventures Company","rbusaredventuresmpany.com","https://rbusaredventuresmpany.com/careers","","","","none","homepage_unreachable_error"
"d0de2772-ec70-4adb-99d1-5c29d06568a7","Reliant Vision Group Inc.","reliantvision.com","https://reliantvision.com/careers","","","","none","homepage_unreachable_error"
"15f676ea-3fc2-40ff-a4bb-46bea68435a6","Renee Systems Inc.","renee.com","https://renee.com/careers","","","","none","homepage_unreachable_error"
"6e518ab1-d5c1-4225-b629-1e3e0fa728f4","Live Nation Worldwide Inc.","livenationworldwide.com","https://careers.livenationentertainment.com","workday","","","none","homepage_unreachable_error"
"69971e74-d037-4c57-848f-6c3c97105193","Rackspace Us Inc.","rackspace.com","https://careers.rackspace.com","icims","https://rackspace.wd1.myworkdayjobs.com/External","workday","high","redirect_target_workday"
"3abb99c8-d120-4daf-bb8d-384c738de8a5","Riverpoint Management LLC","riverpointmanagement.com","https://riverpointmanagement.com/careers","","","","none","homepage_unreachable_error"
"18eedd91-dab2-4e7a-9388-1ec1f82d2377","Rjt Compuquest","rjtmpuquest.com","https://rjtmpuquest.com/careers","","","","none","homepage_unreachable_error"
"a3fcd2bd-8a17-42cb-b22c-043eb50443a4","Safe Code Soft Technologies Inc.","safedesoft.com","https://safedesoft.com/careers","","","","none","homepage_unreachable_error"
"35841555-732d-43cb-b483-aeaf88c51491","Santander Consumer Usa Inc.","santandernsumera.com","https://santandernsumera.com/careers","","","","none","homepage_unreachable_error"
"82c020a2-6211-4885-a06c-150fe51991ea","Sagitec Solutions LLC","sagitec.com","https://sagitec.com/careers","","https://www.sagitec.com/careers","","medium","careers_page_no_ats_detected"
"97576323-37d2-415a-92f5-9179a2a88e71","Sdlc Management Inc.","sdlcmanagement.com","https://sdlcmanagement.com/careers","","","","none","homepage_unreachable_error"
"34e8b760-32c9-4e36-b3f0-86d2e1d858db","Selective Insurance Company Of America","selectiveinsurancempanyof.com","https://careers.selective.com","icims","","","none","homepage_unreachable_error"
"4c456951-2e91-4e44-b7aa-4d19a4723662","Sg Americas Operational Services LLC","sgsoperational.com","https://careers.societegenerale.com","workday","","","none","homepage_unreachable_error"
"3a4d8d58-9f5e-46c3-80d5-83048256c5ee","Signature Commercial Solutions LLC","signaturemmercial.com","https://signaturemmercial.com/careers","","","","none","homepage_unreachable_error"
"fb048153-e8f7-4503-84f6-cc07cb8d0737","Silicon Laboratories Inc.","siliconlaboratories.com","https://careers.silabs.com","icims","","","none","homepage_unreachable_error"
"57d1e462-258a-40b8-a7c1-b7d89fdaf170","Scopely","scopely.com","https://jobs.scopely.com","greenhouse","https://job-boards.greenhouse.io/scopely?field_6752710008%5B%5D=12566752008","greenhouse","high","careers_page_embeds_greenhouse"
"58d5640d-fe04-4fe3-afb3-8be97b40b221","Softcom Systems Inc.","softcom.com","https://softcom.com/careers","","","","none","homepage_unreachable_error"
"ffa7becd-ed27-45de-b290-56d7a4d5602c","Softcorp International Inc.","softcorpinternational.com","https://softcorpinternational.com/careers","","","","none","homepage_unreachable_error"
"474ca9ed-9077-4f19-bc4d-06fcbb7ecb96","Southern Company","southerncompany.com","https://careers.southerncompany.com","workday","","","none","no_candidates"
"8f18f47b-9ee2-4249-81e2-14c38df588a5","Sp Tech Resources Inc.","sptechresources.com","https://sptechresources.com/careers","","","","none","homepage_unreachable_error"
"d49d9983-4042-4aa5-9e92-e88f903e9cd2","Specialist Resources Global Inc.","specialistresourcesglobal.com","https://specialistresourcesglobal.com/careers","","","","none","homepage_unreachable_error"
"c22979ab-2c2c-4abc-adc8-02368b6219b4","RH","rh.com","https://careers.rh.com","workday","","","none","no_candidates"
"e762939c-cf11-48ad-a0e9-730a26614d27","Sqa Concepts Inc.","sqancepts.com","https://sqancepts.com/careers","","","","none","homepage_unreachable_error"
"5e9b14f1-4e15-4805-9984-913b2b39c804","Srs Consulting Inc.","srsnsulting.com","https://srsnsulting.com/careers","","","","none","homepage_unreachable_error"
"26f6a820-6f98-4ca3-aa3f-ba7c652b33dd","St Jude Medical Cardiology Division Inc. An Abbott Laboratories Company","stjudemedicalcardiologydivisionanabbottlaboratoriesmpany.com","https://stjudemedicalcardiologydivisionanabbottlaboratoriesmpany.com/careers","","","","none","homepage_unreachable_error"
"8ec3a3c1-ea10-4188-abcf-33e72ea6f434","Sprouts Farmers Market","sprouts.com","https://careers.sprouts.com","workday","https://internaljobs-sprouts.icims.com/jobs/l","icims","high","careers_page_embeds_icims"
"daacf94b-67c6-4ed1-8987-9db9adc58441","Stanford University","stanford.edu","https://careers.stanford.edu","stanford-jobs","https://stanford.taleo.net/","taleo","high","careers_page_embeds_taleo"
"336e09f9-bc39-4f9d-8ebd-b426c4508f8f","Sydata Inc.","sydata.com","https://sydata.com/careers","","","","none","homepage_unreachable_error"
"c7691f4e-753c-4a73-8ef9-c8d29bffcf6e","Synchrony","synchrony.com","https://careers.synchrony.com","workday","","","none","no_career_links_on_homepage"
"372d3d96-5e37-48e7-92b7-753766fabf91","Tailored Shared Services LLC","tailoredshared.com","https://tailoredshared.com/careers","","","","none","homepage_unreachable_error"
"a079eaa2-9ab8-4cfa-a36d-a5bcf7cd727c","Oss Inc.","oss.com","https://oss.com/careers","","https://www.oss.com/company/careers.html","","medium","careers_page_no_ats_detected"
"1f301e97-43a4-4e0c-820b-c1053e28fe89","Techdata Service Company LLC","techdataservicempany.com","https://techdataservicempany.com/careers","","","","none","homepage_unreachable_error"
"2fd7fae3-154b-4256-8e55-ae46562fd8da","Technosoft Group Inc.","technosoft.com","https://technosoft.com/careers","","","","none","homepage_unreachable_error"
"7d1fda02-67e7-46f3-96e3-af533d4d3b19","Techsmart Global Inc.","techsmartglobal.com","https://techsmartglobal.com/careers","","","","none","homepage_unreachable_error"
"f8348406-004c-4f7e-9414-bd53af8f7597","Teckpros LLC","teckpros.com","https://teckpros.com/careers","","","","none","homepage_unreachable_error"
"9b8a5ef8-a721-4230-99c5-39c82a1d7e35","Tata Consultancy Services","tcs.com","https://tcs.icims.com/jobs","icims","https://www.tcs.com/careers","","medium","careers_page_no_ats_detected"
"19df693a-24a2-403f-9cbe-b9335b4fcdc4","Tenet Healthcare","tenethealth.com","https://www.tenethealthcareers.com","workday","","","none","homepage_unreachable_403"
"f99b065a-9093-4b5d-b264-59f7026cd352","Teknatio Inc.","teknatio.com","https://teknatio.com/careers","","","","none","homepage_unreachable_error"
"1c2e3067-67d9-4186-b44a-9c9e909de173","Terbium Technologies Inc.","terbium.com","https://terbium.com/careers","","","","none","homepage_unreachable_error"
"a7d4ae27-e1ae-4b92-9de3-f3af0bdf3a88","The Hertz Corporation","thehertzoration.com","https://thehertzoration.com/careers","","","","none","homepage_unreachable_error"
"de07457e-91ef-4794-bb76-ea68eb0c9ed7","The Nielsen Company Us LLC","thenielsenmpany.com","https://thenielsencompany.com/careers","","","","none","homepage_unreachable_error"
"34996370-8253-4706-8467-658d5a2ebbc1","The Sherwin Williams Company","thesherwinwilliamsmpany.com","https://thesherwinwilliamsmpany.com/careers","","","","none","homepage_unreachable_error"
"ba590492-17b7-4470-b786-e71a87c0b5dc","The University Of Alabama","theuniversityofalabama.com","https://staffjobs.ua.edu","peopleadmin","","","none","no_career_links_on_homepage"
"15074534-f662-4c3a-bfd4-4592c84c3f62","Steel Dynamics","steeldynamics.com","https://stld.com/careers/","icims","https://careers-steeldynamics.icims.com/","icims","high","careers_page_embeds_icims"
"2df52bc9-9b5c-4c5e-9cb3-34dc82442679","The Hartford","thehartford.com","https://careers.thehartford.com","workday","https://thehartford.wd5.myworkdayjobs.com/Careers_External/login","workday","high","careers_page_embeds_workday"
"5bb4ffcc-1c87-4d6c-afbe-f1f69967158d","Triad Math And Science Academy Co","triadmathandscienceacademy.com","https://www.triadmathandscience.org/careers/","custom","","","none","homepage_unreachable_error"
"c38e29d5-6cd8-460f-86c0-364862e0ec8c","Tibco Software Inc.","tibcosoftware.com","https://www.cloudsoftwaregroup.com/careers","icims","","","none","homepage_unreachable_error"
"ed7fb1bb-1db5-47f2-b727-b217e176eb17","Thinklusive Inc.","thinklusive.com","https://thinklusive.com/careers","","https://thinklusive.com/career/","","medium","careers_page_no_ats_detected"
"e25b4336-0b77-4c1a-b691-1101aba2a52f","Tusimple Inc.","tusimple.com","https://www.tusimple.com/careers/","lever","","","none","homepage_unreachable_error"
"28360cae-c2a0-4774-bce7-53b42a02460b","Umass Memorial Medical Group Inc.","umassmemorialmedical.com","https://careers.ummhealth.org","icims","","","none","homepage_unreachable_error"
"8c58bdb0-6cb4-498f-b288-4750de831b2f","United Parcel Service General Services Co","unitedparcelservicegeneral.com","https://jobs.ups.com","workday","","","none","homepage_unreachable_error"
"86de5f82-0063-435b-8ae6-36b6702e4ada","Univ Of California Los Angeles","univofcalifornialosangeles.com","https://hr.ucla.edu/careers","peopleadmin","","","none","homepage_unreachable_error"
"bb053fff-2793-44a7-a250-3edc811d9403","University of Texas at Austin","utexas.edu","https://utaustin.csod.com/ux/ats/careersite/13/home","csod","https://www.utexas.edu/jobs","","medium","careers_page_no_ats_detected"
"adfdcd63-a47e-4af4-9f24-b3fe8638deba","Usm Business Systems Inc.","mbusiness.com","https://mbusiness.com/careers","","","","none","homepage_unreachable_error"
"dc3de90e-0557-4554-bc18-e8ec6c8924fe","Urban Outfitters","urbn.com","https://careers.urbn.com","workday","https://hub-urbn.icims.com/&quot;,&quot;title&quot;:&quot;Current","icims","high","homepage_embeds_ats"
"0f95cb10-01b0-46f9-bb67-77351f9b6a10","Va Polytechnic Inst & State Univ D","vapolytechnicinststateunivd.com","https://careers.vt.edu","peopleadmin","","","none","homepage_unreachable_error"
"09916d80-acf2-42d0-bd11-35b34c0303a4","Validation Associates LLC","validationassociates.com","https://www.validation-associates.com/careers","custom","https://validationassociates.com/careers.php","","medium","careers_page_no_ats_detected"
"233fff40-fd3c-4f38-86a0-353c38d42234","Variyas Global Solutions Inc.","variyasglobal.com","https://variyasglobal.com/careers","","","","none","homepage_unreachable_error"
"e6170075-1338-4050-aec9-9789f28be170","Virginia Polytechnic Institute And State University D B A Virginia Te","virginiapolytechnicinstituteandstateuniversitydbavirginiate.com","https://careers.vt.edu","peopleadmin","","","none","homepage_unreachable_error"
"24c5caf3-9ea7-41cd-b555-763f6f53397c","Vision It Usa Inc.","visionita.com","https://visionita.com/careers","","","","none","homepage_unreachable_error"
"799a0965-39d9-4316-88ab-c2a6576fa595","U.S. Steel","ussteel.com","https://careers.ussteel.com","workday","https://www.ussteel.com/careers/careers-in-steel","","medium","careers_page_no_ats_detected"
"c5ba64ac-90f8-4aea-8c8f-f23c7f3e28a0","Vitech Systems Group Sub LLC","vitechsub.com","https://vitechsub.com/careers","","","","none","homepage_unreachable_error"
"c272d334-b172-4632-8e59-1e4c71a8e961","Vivint","vivint.com","https://careers.vivint.com","icims","","","none","homepage_unreachable_403"
"1857cced-c06f-4c4d-ba61-58957dc843b3","VMware","vmware.com","https://careers.vmware.com","workday","","","none","no_career_links_on_homepage"
"2b84d225-bd47-48ef-82b1-4851181b198c","Vyts Inc.","vyts.com","https://vyts.com/careers","","","","none","homepage_unreachable_error"
"4c146ce3-8378-40bc-95a9-dc22a0ebb744","Vyzer Solutions Inc.","vyzer.com","https://vyzer.com/careers","","","","none","homepage_unreachable_error"
"3b1cc439-bf25-4e45-a4f7-cd372b7ce0f0","Wawa","wawa.com","https://wawa.jobs","icims","","","none","no_career_links_on_homepage"
"ba71d0db-b954-4818-bb4e-158257e4dc6a","Softworld Technologies LLC","softworld.com","https://softworld.com/careers","","","","none","homepage_unreachable_error"
"00c3cfa0-4f4a-45e0-8f13-d473f900a1b5","Western Dental Services Inc.","westerndental.com","https://careers.westerndental.com","icims","https://careers-sonrava.icims.com/","icims","high","homepage_embeds_ats"
"f979ed55-c045-4c69-99d0-21f21aafe4c2","Whirlpool","whirlpoolcorp.com","https://careers.whirlpoolcorp.com","workday","","","none","no_candidates"
"beda9634-acf4-4dc0-a6b5-d55f4db0f89d","Williams-Sonoma","williams-sonoma.com","https://careers.williams-sonomainc.com","workday","https://www.williams-sonoma.com/customer-service/careers/?cm_src=OLDLINK&cm_type=fnav","","medium","careers_page_no_ats_detected"
"275e1a76-7434-4912-b0b4-fc678259e6d3","Zillion Technologies Inc.","zillion.com","https://zillion.com/careers","","","","none","homepage_unreachable_error"
"9029f220-ff2e-4cdd-8208-910d32e86240","V3tech Solutions Inc.","v3tech.com","https://v3tech.com/careers","","","","none","homepage_unreachable_error"
"6d3e81d2-91ba-4a63-aaeb-4efb26cfc734","Vitesse Group Inc.","vitesse.com","https://vitesse.com/careers","","","","none","homepage_unreachable_error"
"6f403672-da35-4fcb-b8a7-f127ebcd9b9e","Welkin Technologies LLC","welkin.com","https://welkin.com/careers","","","","none","homepage_unreachable_error"
